chr1	90916786	.	G	C	99	PASS	.	chr1	90916769	90917044	122792_enh	enhancer	ENCODE_CREs	1	0	0.919982303903617	3.469	ZNF644	0	ZNF644	0	ZNF644	23076	ZNF644	23076		0
chr1	171652737	.	A	C	99	PASS	.	chr1	171652677	171652737	14875_pro	promoter	EPD6	1	1	0.870297742881953	0.507	MYOC	0	MYOC	0	MYOC	0	MYOC	0	MYOC	1
chr1	209816133	.	C	CA	99	PASS	.	chr1	209814032	209818312	1971512_enh	enhancer	DECRES,ENCODE-HMM,HACER,FOCS,FulcoEtAl2019	1	5	0.366884058535639	0.095	IRF6	7858	IRF6	7858	IRF6	7858	IRF6	7858	IRF6,LAMB3,SYT14,TRAF3IP3,UTP25	5
chr1	209816133	.	C	CA	99	PASS	.	chr1	209815484	209817026	1976191_enh	enhancer	ENCODE_CREs,VISTA,RefSeqRegBuild,HACER,FOCS,FulcoEtAl2019,FANTOM5	1	7	0.221317216379798	0.178	IRF6	9310	IRF6	9310	IRF6	9310	IRF6	9310	IRF6,LAMB3,TRAF3IP3,UTP25	4
chr1	209816133	.	C	CA	99	PASS	.	chr1	209816054	209816205	22964_pro	promoter	FOCS	1	1	0.144123190457267	1.015	IRF6	9880	IRF6	9880	IRF6	9880	IRF6	9880		0
chr1	209816133	.	C	CA	99	PASS	.	chr1	209812600	209818312	1942326_enh	enhancer	HACER,DECRES,ENCODE-HMM,JungEtAl2019	1	4	0.547936595336853	0.071	IRF6	6426	IRF6	6426	IRF6	6426	IRF6	6426	C1orf74,IRF6,LAMB3,SYT14,TRAF3IP3,UTP25	6
chr2	69326167	.	G	T	99	PASS	.	chr2	69318857	69326477	756256_enh	enhancer	JungEtAl2019	1	1	0.856567684538512	0.248	GFPT1	0	GFPT1	0	AC114772.1	8123	GFPT1	60771	ANTXR1,GFPT1,NFU1	3
chr2	218660148	.	A	G	99	PASS	.	chr2	218658619	218660277	571382_pro	promoter	ENCODE_CREs,DECRES,FOCS	1	2	0.685272241975937	0.216	ZNF142	0	ZNF142	0	ZNF142	0	ZNF142	0	BCS1L,ZNF142	2
chr2	218660148	.	A	G	99	PASS	.	chr2	218659677	218660677	712393_enh	enhancer	DECRES	1	1	0.74598915897657	0.172	BCS1L	0	BCS1L	0	BCS1L	0	BCS1L	0		0
chr2	218660148	.	A	G	99	PASS	.	chr2	218658033	218661077	536309_pro	promoter	EnsemblRegBuild,ENCODE-HMM	1	2	0.618396321566814	0.165	ZNF142	0	ZNF142	0	ZNF142	0	ZNF142	0		0
chr2	218660148	.	A	G	99	PASS	.	chr2	218658377	218661077	712392_enh	enhancer	SegWey	1	1	0.65333788722115	0.194	ZNF142	0	ZNF142	0	ZNF142	0	ZNF142	0		0
chr2	218660148	.	A	G	99	PASS	.	chr2	218659655	218663443	267303_pro	promoter	FOCS	1	1	0.783969535702567	0.382	BCS1L	0	BCS1L	0	BCS1L	0	BCS1L	0	BCS1L,RNF25,STK36	3
chr2	233760205	.	T	TCAT	99	PASS	.	chr2	233760033	233760280	270322_pro	promoter	ENCODE_CREs	1	0	0.608912806900439	-0.089	UGT1A8	0	UGT1A8	0	UGT1A1	0	UGT1A1	0		0
chr3	49171662	.	C	T	99	PASS	.	chr3	49170168	49176486	573916_pro	promoter	EnsemblRegBuild,ENCODE-HMM,FOCS	1	3	0.907364744770171	0.269	KLHDC8B	0	KLHDC8B	0	KLHDC8B	0	KLHDC8B	0	BSN,C3orf62,CCDC36,KLHDC8B,USP19	5
chr3	49171662	.	C	T	99	PASS	.	chr3	49170467	49174767	928914_enh	enhancer	SegWey	1	1	0.858833373591087	0.231	KLHDC8B	0	KLHDC8B	0	KLHDC8B	0	KLHDC8B	0	C3orf62,CCDC36,USP19	3
chr3	49171662	.	C	T	99	PASS	.	chr3	49170939	49171922	573917_pro	promoter	ENCODE_CREs,DECRES,FOCS	1	2	0.706962080659223	0.192	KLHDC8B	0	KLHDC8B	0	KLHDC8B	0	KLHDC8B	0	CCDC36,KLHDC8B	2
chr5	63962198	.	CT	C	99	PASS	.	chr5	63960173	63962373	6624_biv	bivalent	SegWey	1	1	0.707729142371329	0.6535	AC122707.1	0	HTR1A	0	HTR1A	0	HTR1A	0		0
chr5	63962198	.	CT	C	99	PASS	.	chr5	63961773	63962574	391753_pro	promoter	EnsemblRegBuild	1	1	0.840166329453871	0.077	AC122707.1	0	HTR1A	0	HTR1A	0	HTR1A	0		0
chr5	63962198	.	CT	C	99	PASS	.	chr5	63958617	63963217	391748_pro	promoter	ENCODE-HMM	1	1	0.633171349985325	0.164	AC122707.1	0	HTR1A	0	HTR1A	0	HTR1A	0		0
chr8	11474238	.	G	T	99	PASS	.	chr8	11472071	11476013	1936007_enh	enhancer	HACER	1	1	0.0578542877104766	-0.075	FAM167A	0	FAM167A	0	AF131216.5	5055	FAM167A	5319	BLK,FAM167A-AS1	2
chr8	11474238	.	G	T	99	PASS	.	chr8	11473078	11475766	1970299_enh	enhancer	SegWey,HACER,FulcoEtAl2019	1	3	0.12961741282032	-0.093	FAM167A	0	FAM167A	0	AF131216.5	5302	FAM167A	6326	BLK,CTSB,FAM167A-AS1,NEIL2	4
chr8	11474238	.	G	T	99	PASS	.	chr8	11473081	11478081	453558_pro	promoter	ENCODE-HMM	1	1	0.0482638519138017	-0.095	FAM167A	0	FAM167A	0	AF131216.5	2987	FAM167A	6329	BLK	1
chr8	11474238	.	G	T	99	PASS	.	chr8	11474091	11474291	1295297_enh	enhancer	DECRES	1	1	0.052011286023114	-0.193	FAM167A	0	FAM167A	0	AF131216.5	6777	FAM167A	7339		0
chr8	11474238	.	G	T	99	PASS	.	chr8	11474091	11475092	453562_pro	promoter	EnsemblRegBuild	1	1	0.2299479592782	-0.053	FAM167A	0	FAM167A	0	AF131216.5	5976	FAM167A	7339	BLK	1
chr8	11474238	.	G	T	99	PASS	.	chr8	11474230	11474381	453563_pro	promoter	FOCS	1	1	0.0708722599837064	0.012	FAM167A	0	FAM167A	0	AF131216.5	6687	FAM167A	7478	FAM167A	1
chr8	11564613	.	G	T	99	PASS	.	chr8	11563482	11565482	555750_pro	promoter	ENCODE-HMM,FOCS	1	2	0.443320113206534	-0.222	BLK	0	BLK	0	AC022239.1	0	BLK	69093	AC022239.1,BLK,ENPP7P12,FAM90A25P,RP11-148O21.3	5
chr8	11564613	.	G	T	99	PASS	.	chr8	11564291	11565091	1876081_enh	enhancer	ENCODE_CREs,DECRES,FulcoEtAl2019	1	2	0.222362186454868	-0.32	BLK	0	BLK	0	AC022239.1	0	BLK	69902	NEIL2,RP11-148O21.3	2
chr8	11564613	.	G	T	99	PASS	.	chr8	11558810	11567612	1295586_enh	enhancer	JungEtAl2019	1	1	0.0127443927009663	-0.134	BLK	0	BLK	0	AC022239.1	0	BLK	64421	BLK,C8orf49,DEFB134,ENPP7P12,FAM90A25P,NEIL2,RP11-148O21.3	7
chr8	22130605	.	T	C	99	PASS	.	chr8	22127987	22133587	1319386_enh	enhancer	SegWey	1	1	0.291786465949299	0.248	HR	0	HR	0	HR	0	HR	0	HR	1
chr8	22130605	.	T	C	99	PASS	.	chr8	22128742	22133542	461528_pro	promoter	ENCODE-HMM	1	1	0.26668337579877	0.296	HR	0	HR	0	HR	0	HR	0	HR	1
chr8	22130605	.	T	C	99	PASS	.	chr8	22129622	22131488	577735_pro	promoter	EnsemblRegBuild,DECRES,FOCS	1	3	0.692052859729	0.535	HR	0	HR	0	HR	0	HR	0	HR	1
chr8	22130605	.	T	C	99	PASS	.	chr8	22130477	22130741	461530_pro	promoter	ENCODE_CREs	1	0	0.20007367601772	1.156	HR	0	HR	0	HR	269	HR	269		0
chr8	22130606	.	A	G	99	PASS	.	chr8	22127987	22133587	1319386_enh	enhancer	SegWey	1	1	0.291786465949299	0.248	HR	0	HR	0	HR	0	HR	0	HR	1
chr8	22130606	.	A	G	99	PASS	.	chr8	22128742	22133542	461528_pro	promoter	ENCODE-HMM	1	1	0.26668337579877	0.296	HR	0	HR	0	HR	0	HR	0	HR	1
chr8	22130606	.	A	G	99	PASS	.	chr8	22129622	22131488	577735_pro	promoter	EnsemblRegBuild,DECRES,FOCS	1	3	0.692052859729	0.535	HR	0	HR	0	HR	0	HR	0	HR	1
chr8	22130606	.	A	G	99	PASS	.	chr8	22130477	22130741	461530_pro	promoter	ENCODE_CREs	1	0	0.20007367601772	1.156	HR	0	HR	0	HR	269	HR	269		0
chr8	22130627	.	C	G	99	PASS	.	chr8	22127987	22133587	1319386_enh	enhancer	SegWey	1	1	0.291786465949299	0.248	HR	0	HR	0	HR	0	HR	0	HR	1
chr8	22130627	.	C	G	99	PASS	.	chr8	22128742	22133542	461528_pro	promoter	ENCODE-HMM	1	1	0.26668337579877	0.296	HR	0	HR	0	HR	0	HR	0	HR	1
chr8	22130627	.	C	G	99	PASS	.	chr8	22129622	22131488	577735_pro	promoter	EnsemblRegBuild,DECRES,FOCS	1	3	0.692052859729	0.535	HR	0	HR	0	HR	0	HR	0	HR	1
chr8	22130627	.	C	G	99	PASS	.	chr8	22130477	22130741	461530_pro	promoter	ENCODE_CREs	1	0	0.20007367601772	1.156	HR	0	HR	0	HR	269	HR	269		0
chr8	22130633	.	C	T	99	PASS	.	chr8	22127987	22133587	1319386_enh	enhancer	SegWey	1	1	0.291786465949299	0.248	HR	0	HR	0	HR	0	HR	0	HR	1
chr8	22130633	.	C	T	99	PASS	.	chr8	22128742	22133542	461528_pro	promoter	ENCODE-HMM	1	1	0.26668337579877	0.296	HR	0	HR	0	HR	0	HR	0	HR	1
chr8	22130633	.	C	T	99	PASS	.	chr8	22129622	22131488	577735_pro	promoter	EnsemblRegBuild,DECRES,FOCS	1	3	0.692052859729	0.535	HR	0	HR	0	HR	0	HR	0	HR	1
chr8	22130633	.	C	T	99	PASS	.	chr8	22130477	22130741	461530_pro	promoter	ENCODE_CREs	1	0	0.20007367601772	1.156	HR	0	HR	0	HR	269	HR	269		0
chr8	22130635	.	G	A	99	PASS	.	chr8	22127987	22133587	1319386_enh	enhancer	SegWey	1	1	0.291786465949299	0.248	HR	0	HR	0	HR	0	HR	0	HR	1
chr8	22130635	.	G	A	99	PASS	.	chr8	22128742	22133542	461528_pro	promoter	ENCODE-HMM	1	1	0.26668337579877	0.296	HR	0	HR	0	HR	0	HR	0	HR	1
chr8	22130635	.	G	A	99	PASS	.	chr8	22129622	22131488	577735_pro	promoter	EnsemblRegBuild,DECRES,FOCS	1	3	0.692052859729	0.535	HR	0	HR	0	HR	0	HR	0	HR	1
chr8	22130635	.	G	A	99	PASS	.	chr8	22130477	22130741	461530_pro	promoter	ENCODE_CREs	1	0	0.20007367601772	1.156	HR	0	HR	0	HR	269	HR	269		0
chr8	22130636	.	G	C	99	PASS	.	chr8	22127987	22133587	1319386_enh	enhancer	SegWey	1	1	0.291786465949299	0.248	HR	0	HR	0	HR	0	HR	0	HR	1
chr8	22130636	.	G	C	99	PASS	.	chr8	22128742	22133542	461528_pro	promoter	ENCODE-HMM	1	1	0.26668337579877	0.296	HR	0	HR	0	HR	0	HR	0	HR	1
chr8	22130636	.	G	C	99	PASS	.	chr8	22129622	22131488	577735_pro	promoter	EnsemblRegBuild,DECRES,FOCS	1	3	0.692052859729	0.535	HR	0	HR	0	HR	0	HR	0	HR	1
chr8	22130636	.	G	C	99	PASS	.	chr8	22130477	22130741	461530_pro	promoter	ENCODE_CREs	1	0	0.20007367601772	1.156	HR	0	HR	0	HR	269	HR	269		0
chr8	22130638	.	A	T	99	PASS	.	chr8	22127987	22133587	1319386_enh	enhancer	SegWey	1	1	0.291786465949299	0.248	HR	0	HR	0	HR	0	HR	0	HR	1
chr8	22130638	.	A	T	99	PASS	.	chr8	22128742	22133542	461528_pro	promoter	ENCODE-HMM	1	1	0.26668337579877	0.296	HR	0	HR	0	HR	0	HR	0	HR	1
chr8	22130638	.	A	T	99	PASS	.	chr8	22129622	22131488	577735_pro	promoter	EnsemblRegBuild,DECRES,FOCS	1	3	0.692052859729	0.535	HR	0	HR	0	HR	0	HR	0	HR	1
chr8	22130638	.	A	T	99	PASS	.	chr8	22130477	22130741	461530_pro	promoter	ENCODE_CREs	1	0	0.20007367601772	1.156	HR	0	HR	0	HR	269	HR	269		0
chr8	22130689	.	G	T	99	PASS	.	chr8	22127987	22133587	1319386_enh	enhancer	SegWey	1	1	0.291786465949299	0.248	HR	0	HR	0	HR	0	HR	0	HR	1
chr8	22130689	.	G	T	99	PASS	.	chr8	22128742	22133542	461528_pro	promoter	ENCODE-HMM	1	1	0.26668337579877	0.296	HR	0	HR	0	HR	0	HR	0	HR	1
chr8	22130689	.	G	T	99	PASS	.	chr8	22129622	22131488	577735_pro	promoter	EnsemblRegBuild,DECRES,FOCS	1	3	0.692052859729	0.535	HR	0	HR	0	HR	0	HR	0	HR	1
chr8	22130689	.	G	T	99	PASS	.	chr8	22130477	22130741	461530_pro	promoter	ENCODE_CREs	1	0	0.20007367601772	1.156	HR	0	HR	0	HR	269	HR	269		0
chr8	22130702	.	G	A	99	PASS	.	chr8	22127987	22133587	1319386_enh	enhancer	SegWey	1	1	0.291786465949299	0.248	HR	0	HR	0	HR	0	HR	0	HR	1
chr8	22130702	.	G	A	99	PASS	.	chr8	22128742	22133542	461528_pro	promoter	ENCODE-HMM	1	1	0.26668337579877	0.296	HR	0	HR	0	HR	0	HR	0	HR	1
chr8	22130702	.	G	A	99	PASS	.	chr8	22129622	22131488	577735_pro	promoter	EnsemblRegBuild,DECRES,FOCS	1	3	0.692052859729	0.535	HR	0	HR	0	HR	0	HR	0	HR	1
chr8	22130702	.	G	A	99	PASS	.	chr8	22130477	22130741	461530_pro	promoter	ENCODE_CREs	1	0	0.20007367601772	1.156	HR	0	HR	0	HR	269	HR	269		0
chr8	22130706	.	C	T	99	PASS	.	chr8	22127987	22133587	1319386_enh	enhancer	SegWey	1	1	0.291786465949299	0.248	HR	0	HR	0	HR	0	HR	0	HR	1
chr8	22130706	.	C	T	99	PASS	.	chr8	22128742	22133542	461528_pro	promoter	ENCODE-HMM	1	1	0.26668337579877	0.296	HR	0	HR	0	HR	0	HR	0	HR	1
chr8	22130706	.	C	T	99	PASS	.	chr8	22129622	22131488	577735_pro	promoter	EnsemblRegBuild,DECRES,FOCS	1	3	0.692052859729	0.535	HR	0	HR	0	HR	0	HR	0	HR	1
chr8	22130706	.	C	T	99	PASS	.	chr8	22130477	22130741	461530_pro	promoter	ENCODE_CREs	1	0	0.20007367601772	1.156	HR	0	HR	0	HR	269	HR	269		0
chr8	22130707	.	A	T	99	PASS	.	chr8	22127987	22133587	1319386_enh	enhancer	SegWey	1	1	0.291786465949299	0.248	HR	0	HR	0	HR	0	HR	0	HR	1
chr8	22130707	.	A	T	99	PASS	.	chr8	22128742	22133542	461528_pro	promoter	ENCODE-HMM	1	1	0.26668337579877	0.296	HR	0	HR	0	HR	0	HR	0	HR	1
chr8	22130707	.	A	T	99	PASS	.	chr8	22129622	22131488	577735_pro	promoter	EnsemblRegBuild,DECRES,FOCS	1	3	0.692052859729	0.535	HR	0	HR	0	HR	0	HR	0	HR	1
chr8	22130707	.	A	T	99	PASS	.	chr8	22130477	22130741	461530_pro	promoter	ENCODE_CREs	1	0	0.20007367601772	1.156	HR	0	HR	0	HR	269	HR	269		0
chr8	22130707	.	A	G	99	PASS	.	chr8	22127987	22133587	1319386_enh	enhancer	SegWey	1	1	0.291786465949299	0.248	HR	0	HR	0	HR	0	HR	0	HR	1
chr8	22130707	.	A	G	99	PASS	.	chr8	22128742	22133542	461528_pro	promoter	ENCODE-HMM	1	1	0.26668337579877	0.296	HR	0	HR	0	HR	0	HR	0	HR	1
chr8	22130707	.	A	G	99	PASS	.	chr8	22129622	22131488	577735_pro	promoter	EnsemblRegBuild,DECRES,FOCS	1	3	0.692052859729	0.535	HR	0	HR	0	HR	0	HR	0	HR	1
chr8	22130707	.	A	G	99	PASS	.	chr8	22130477	22130741	461530_pro	promoter	ENCODE_CREs	1	0	0.20007367601772	1.156	HR	0	HR	0	HR	269	HR	269		0
chr8	22130708	.	T	C	99	PASS	.	chr8	22127987	22133587	1319386_enh	enhancer	SegWey	1	1	0.291786465949299	0.248	HR	0	HR	0	HR	0	HR	0	HR	1
chr8	22130708	.	T	C	99	PASS	.	chr8	22128742	22133542	461528_pro	promoter	ENCODE-HMM	1	1	0.26668337579877	0.296	HR	0	HR	0	HR	0	HR	0	HR	1
chr8	22130708	.	T	C	99	PASS	.	chr8	22129622	22131488	577735_pro	promoter	EnsemblRegBuild,DECRES,FOCS	1	3	0.692052859729	0.535	HR	0	HR	0	HR	0	HR	0	HR	1
chr8	22130708	.	T	C	99	PASS	.	chr8	22130477	22130741	461530_pro	promoter	ENCODE_CREs	1	0	0.20007367601772	1.156	HR	0	HR	0	HR	269	HR	269		0
chr9	37422746	.	TGC	TAT	99	PASS	.	chr9	37421403	37425603	559208_pro	promoter	EnsemblRegBuild,ENCODE-HMM	1	2	0.639720377435919	-0.054	GRHPR	0	GRHPR	0	GRHPR	0	GRHPR	0	GRHPR	1
chr9	37422746	.	TGC	TAT	99	PASS	.	chr9	37421803	37425703	1399432_enh	enhancer	SegWey	1	1	0.624475675226417	-0.0545	GRHPR	0	GRHPR	0	GRHPR	0	GRHPR	0	GRHPR	1
chr9	37422746	.	TGC	TAT	99	PASS	.	chr9	37422053	37423203	559209_pro	promoter	ENCODE_CREs,DECRES	1	1	0.468690289743277	-0.085	GRHPR	0	GRHPR	0	GRHPR	0	GRHPR	0	GRHPR	1
chr9	113275629	.	TTGTCAGTGACGCACTTCC	T	99	PASS	.	chr9	113274099	113277321	584320_pro	promoter	EnsemblRegBuild,DECRES,ENCODE_CREs,ENCODE-HMM,FOCS	1	4	0.373664243409633	0.026	CDC26	0	CDC26	0	PRPF4	0	PRPF4	0	C9orf147,CDC26,PRPF4,RGS3	4
chr9	113275629	.	TTGTCAGTGACGCACTTCC	T	99	PASS	.	chr9	113274120	113276820	1743500_enh	enhancer	SegWey,DECRES	1	2	0.450875151615894	0.0445	CDC26	0	CDC26	0	PRPF4	0	PRPF4	0	PRPF4,RGS3	2
chr9	113275629	.	TTGTCAGTGACGCACTTCC	T	99	PASS	.	chr9	113275398	113275728	475867_pro	promoter	FANTOM5	1	1	0.0316278763732006	0.0405	CDC26	0	CDC26	0	CDC26	0	CDC26	0	CDC26,FKBP15,PRPF4	3
chr9	113275629	.	TTGTCAGTGACGCACTTCC	T	99	PASS	.	chr9	113275519	113275670	475869_pro	promoter	FOCS	1	1	0.0149009962278918	-0.016	CDC26	0	CDC26	0	CDC26	0	CDC26	0	CDC26,PRPF4	2
chr9	113275629	.	TTGTCAGTGACGCACTTCC	T	99	PASS	.	chr9	113275608	113275668	475870_pro	promoter	EPD6	1	1	0.121627763824642	0.013	PRPF4	0	PRPF4	0	PRPF4	0	PRPF4	0	PRPF4	1
chr9	113275629	.	TTGTCAGTGACGCACTTCC	T	99	PASS	.	chr9	113275646	113275695	475871_pro	promoter	FOCS	1	1	0.199277611407922	0.852	PRPF4	0	PRPF4	0	PRPF4	5	PRPF4	5	PRPF4	1
chr10	69278711	.	G	A	99	PASS	.	chr10	69278244	69278944	1506344_enh	enhancer	SegWey,DECRES	1	2	0.669684266663896	0.254	HK1	0	HK1	0	HK1	0	HK1	0		0
chr10	69278711	.	G	A	99	PASS	.	chr10	69278344	69279100	63390_pro	promoter	ENCODE_CREs	1	0	0.612267619693227	0.293	HK1	0	HK1	0	HK1	0	HK1	0		0
chr11	67482888	.	CCG	CAA	99	PASS	.	chr11	67482329	67485429	1520518_enh	enhancer	SegWey,DECRES	1	2	0.519657471449461	0.042	AIP	0	AIP	0	AIP	0	AIP	0	AIP	1
chr11	67482888	.	CCG	CAA	99	PASS	.	chr11	67482580	67483644	564611_pro	promoter	ENCODE_CREs,DECRES,FOCS	1	2	0.511774743584083	0.1495	AIP	0	AIP	0	AIP	0	AIP	0	AIP	1
chr11	67482888	.	CCG	CAA	99	PASS	.	chr11	67482129	67488553	515964_pro	promoter	EnsemblRegBuild,ENCODE-HMM	1	2	0.602541692747631	0.058	AIP	0	AIP	0	AIP	0	AIP	0	AIP	1
chr12	14977984	.	G	C	99	PASS	.	chr12	14976053	14979221	293435_enh	enhancer	JungEtAl2019	1	1	0.356621794422267	0.016	PDE6H	0	PDE6H	0	PDE6H	3012	PDE6H	3012	ARHGDIB,ERP27,H2AJ,SMCO3	4
chr13	28659088	.	TC	T	99	PASS	.	chr13	28657363	28661663	355235_enh	enhancer	SegWey	1	1	0.416463862822354	-0.013	POMP	0	POMP	0	POMP	0	POMP	0		0
chr13	28659088	.	TC	T	99	PASS	.	chr13	28658028	28659941	519864_pro	promoter	DECRES,FOCS	1	2	0.507481016088383	-0.0565	POMP	0	POMP	0	POMP	0	POMP	0	POMP	1
chr13	28659088	.	TC	T	99	PASS	.	chr13	28658840	28659270	519867_pro	promoter	ENCODE_CREs,FANTOM5	1	1	0.105503451344825	0.186	POMP	0	POMP	0	POMP	0	POMP	0	POMP	1
chr13	28659088	.	TC	T	99	PASS	.	chr13	28658962	28659113	125988_pro	promoter	FOCS	1	1	0.00698580243226092	0.9615	POMP	0	POMP	0	POMP	0	POMP	0	POMP	1
chr13	28659088	.	TC	T	99	PASS	.	chr13	28659081	28659195	519868_pro	promoter	EPD6,FOCS	1	2	0.0342554523283267	0.6105	POMP	0	POMP	0	POMP	0	POMP	0	POMP	1
chr13	28659088	.	TC	T	99	PASS	.	chr13	28655463	28663063	519863_pro	promoter	EnsemblRegBuild,ENCODE-HMM	1	2	0.727688330532606	0.001	POMP	0	POMP	0	POMP	0	POMP	0		0
chr13	99986260	.	T	A	99	PASS	.	chr13	99981771	99986765	122062_pro	promoter	FOCS	1	1	0.396513332242478	1.307	ZIC2	0	ZIC2	0	ZIC2	0	ZIC2	0	ZIC2	1
chr13	99986260	.	T	A	99	PASS	.	chr13	99985876	99986564	519536_pro	promoter	ENCODE_CREs,FOCS	1	1	0.293341800447943	2.151	ZIC2	0	ZIC2	0	ZIC2	4093	ZIC2	4093	ZIC2	1
chr13	99986260	.	T	A	99	PASS	.	chr13	99985646	99993346	2109_biv	bivalent	SegWey	1	1	0.131557576812227	0.299	ZIC2	0	ZIC2	0	ZIC2	3863	ZIC2	3863		0
chr13	99986571	.	T	C	99	PASS	.	chr13	99981771	99986765	122062_pro	promoter	FOCS	1	1	0.396513332242478	1.307	ZIC2	0	ZIC2	0	ZIC2	0	ZIC2	0	ZIC2	1
chr13	99986571	.	T	C	99	PASS	.	chr13	99985646	99993346	2109_biv	bivalent	SegWey	1	1	0.131557576812227	0.299	ZIC2	0	ZIC2	0	ZIC2	3863	ZIC2	3863		0
chr13	99986636	.	T	A	99	PASS	.	chr13	99981771	99986765	122062_pro	promoter	FOCS	1	1	0.396513332242478	1.307	ZIC2	0	ZIC2	0	ZIC2	0	ZIC2	0	ZIC2	1
chr13	99986636	.	T	A	99	PASS	.	chr13	99985646	99993346	2109_biv	bivalent	SegWey	1	1	0.131557576812227	0.299	ZIC2	0	ZIC2	0	ZIC2	3863	ZIC2	3863		0
chr13	99986648	.	A	G	99	PASS	.	chr13	99981771	99986765	122062_pro	promoter	FOCS	1	1	0.396513332242478	1.307	ZIC2	0	ZIC2	0	ZIC2	0	ZIC2	0	ZIC2	1
chr13	99986648	.	A	G	99	PASS	.	chr13	99985646	99993346	2109_biv	bivalent	SegWey	1	1	0.131557576812227	0.299	ZIC2	0	ZIC2	0	ZIC2	3863	ZIC2	3863		0
chr19	44945961	.	A	G	99	PASS	.	chr19	44944903	44948703	237701_pro	promoter	ENCODE-HMM	1	1	0.228728971816975	-0.036	APOC4	0	APOC4	0	APOC2	0	APOC2	0	APOC1,APOC2,APOE	3
chr19	44945961	.	A	G	99	PASS	.	chr19	44945382	44946310	237703_pro	promoter	ENCODE_CREs	1	0	0.176022049128311	-0.06	APOC4	0	APOC4	0	APOC2	0	APOC2	0	APOC2	1
chr19	44945961	.	A	G	99	PASS	.	chr19	44945543	44947543	635686_enh	enhancer	DECRES	1	1	0.383771536815932	-0.1	APOC4-APOC2	0	APOC4-APOC2	0	APOC2	0	APOC2	0	APOC1,APOC2	2
chr19	44945961	.	A	G	99	PASS	.	chr19	44945943	44947144	237704_pro	promoter	EnsemblRegBuild	1	1	0.239077811744355	-0.0925	APOC4-APOC2	0	APOC4-APOC2	0	APOC2	0	APOC2	0	APOC1,APOC2	2
chr20	2470762	.	G	T	99	PASS	.	chr20	2466754	2471754	538603_pro	promoter	EnsemblRegBuild,ENCODE-HMM	1	2	0.46744489665878	0.012	SNRPB	0	SNRPB	0	SNRPB	0	SNRPB	0	STK35	1
chr20	2470762	.	G	T	99	PASS	.	chr20	2467454	2471554	1627521_enh	enhancer	SegWey,DECRES	1	2	0.434800620229132	-0.015	SNRPB	0	SNRPB	0	SNRPB	0	SNRPB	0	STK35	1
chr20	2470762	.	G	T	99	PASS	.	chr20	2469754	2471394	572069_pro	promoter	ENCODE_CREs,DECRES,FOCS	1	2	0.496840415667798	-0.082	SNRPB	0	SNRPB	0	SNRPB	0	SNRPB	0	SNRPB	1
chr20	2470762	.	G	T	99	PASS	.	chr20	2470705	2471002	538604_pro	promoter	FOCS,FANTOM5	1	2	0.0379158777445615	0.0095	SNRPB	0	SNRPB	0	SNRPB	0	SNRPB	0	SNRPB	1
chr20	2470762	.	G	T	99	PASS	.	chr20	2470749	2470831	538605_pro	promoter	EPD6,FOCS	1	2	0.0252952884576259	0.528	SNRPB	0	SNRPB	0	SNRPB	22	SNRPB	22	SNRPB	1
chr21	25881337	.	AAT	A	99	PASS	.	chr21	25875408	25884537	813181_enh	enhancer	JungEtAl2019	1	1	0.0941282551423869	0.113	APP	0	APP	0	AP001442.1	44217	ATP5PF	139736	ADAMTS1,APP,ATP5PF,GABPA	4
chr21	25881337	.	AAT	A	99	PASS	.	chr21	25881152	25881590	813187_enh	enhancer	ENCODE_CREs	1	0	0.110065996743018	2.942	APP	0	APP	0	AP001442.1	47164	ATP5PF	145480		0
chrX	50069446	.	G	A	99	PASS	.	chrX	50069170	50069455	502305_pro	promoter	ENCODE_CREs	1	0	0.997775867338149	0.358	CLCN5	0	CLCN5	0	CLCN5	46	CLCN5	46		0
chrX	50069446	.	G	A	99	PASS	.	chrX	50067145	50069745	502300_pro	promoter	EnsemblRegBuild	1	1	0.870901609184655	0.481	CLCN5	0	CLCN5	0	CLCN5	0	CLCN5	0		0
chrX	55028202	.	A	G	99	PASS	.	chrX	55026000	55030982	1760067_enh	enhancer	ENCODE-HMM,RefSeqRegBuild	1	2	0.968005042175408	0.217	ALAS2	0	ALAS2	0	ALAS2	0	ALAS2	0		0
chrX	55028202	.	A	G	99	PASS	.	chrX	55027967	55028998	1941136_enh	enhancer	ENCODE_CREs,DECRES,FulcoEtAl2019	1	2	0.966914619797984	0.2895	ALAS2	0	ALAS2	0	ALAS2	1979	ALAS2	1979	ALAS2,APEX2,GNL3L,MAGED2,MAGEH1,MTRNR2L10,NBDY,PAGE2,PAGE2B,PFKFB1,PHF8,RRAGB,UBQLN2	13
chrX	103776965	.	C	T	99	PASS	.	chrX	103776493	103777012	559875_pro	promoter	ENCODE_CREs,FANTOM5	1	1	0.98372504560381	1.3255	PLP1	0	PLP1	0	PLP1	0	PLP1	0	PLP1	1
chrX	103776965	.	C	T	99	PASS	.	chrX	103776672	103778272	493693_pro	promoter	EnsemblRegBuild	1	1	0.918949887321578	0.535	PLP1	0	PLP1	0	PLP1	0	PLP1	0		0
chrX	124346334	.	C	T	99	PASS	.	chrX	124345750	124350150	560128_pro	promoter	ENCODE_CREs,EnsemblRegBuild	1	1	0.921048485053119	0.155	STAG2	0	STAG2	0	SH2D1A	0	SH2D1A	0		0
chrX	124346334	.	C	T	99	PASS	.	chrX	124345869	124346669	1755676_enh	enhancer	DECRES,ENCODE-HMM	1	2	0.983397789026862	0.172	STAG2	0	STAG2	0	SH2D1A	0	SH2D1A	0		0
chrX	124346334	.	C	T	99	PASS	.	chrX	124346275	124346614	495397_pro	promoter	FANTOM5	1	1	0.99395570954507	0.177	STAG2	0	STAG2	0	SH2D1A	0	SH2D1A	0	SH2D1A	1
